
<configuration>
  <system.serviceModel>
    <bindings >
      <basicHttpBinding>
        <binding name="basicBindingConfig"  maxBufferSize="104857600" maxReceivedMessageSize="104857600" maxBufferPoolSize="104857600" closeTimeout="00:01:00"
          openTimeout="00:01:00" sendTimeout="00:10:00">
         
          <!--Enable for Windows authentication-->
          <security mode="TransportCredentialOnly">
            <transport clientCredentialType="Windows" />
          </security> 
		  
          <!--Enable for TMS authentication-->
          <!--<security mode="None">
            <transport clientCredentialType="None" />
          </security>-->
		  
		   <!--Enable for https -->
           <!--<security mode="Transport">
				<transport clientCredentialType="None" />
			</security>-->
          
		<readerQuotas maxDepth="64" maxStringContentLength="2147483646" maxArrayLength="2147483646" maxBytesPerRead="4096" />

        </binding>
      </basicHttpBinding>
     </bindings>

    <behaviors>
      <endpointBehaviors>
        <behavior name="CommonWSBehaviour">
          <dataContractSerializer maxItemsInObjectGraph="2147483646" />
        </behavior>
      </endpointBehaviors>
    </behaviors> 

    <client>
      <endpoint  name="COMMONWS" address="http://AIDEWebserverName/VirtualDirName/CommonService.svc"
          binding="basicHttpBinding" bindingConfiguration="basicBindingConfig" behaviorConfiguration="CommonWSBehaviour"
          contract="PSG.Interfaces.ICommonService">
      </endpoint>

      <endpoint  name="SPGWS" address="http://AIDEWebserverName/VirtualDirName/SPGService.svc"
        binding="basicHttpBinding" bindingConfiguration="basicBindingConfig" behaviorConfiguration="CommonWSBehaviour"
        contract="PSG.Interfaces.ISPGService">
      </endpoint>

      <endpoint  name="CCMANAGERWS" address="http://AIDEWebserverName/VirtualDirName/CreditCardManagerService.svc"
        binding="basicHttpBinding" bindingConfiguration="basicBindingConfig"
        contract="PSG.Interfaces.ICreditCardManagerService">
      </endpoint>

      <endpoint  name="WIREBASKETWS" address="http://AIDEWebserverName/VirtualDirName/WireBasketService.svc"
        binding="basicHttpBinding" bindingConfiguration="basicBindingConfig" behaviorConfiguration="CommonWSBehaviour"
        contract="PSG.Interfaces.IWireBasketService">
      </endpoint>
      
      <endpoint name="IMAGESERVICEWS" address="http://ImageServiceWebserverName/ImageSerVirtualDirName/PSGWCFImageService.svc"
        binding="basicHttpBinding" bindingConfiguration="basicBindingConfig" behaviorConfiguration="CommonWSBehaviour"
        contract="PSG.WCFImageService.IWCFImageService">
      </endpoint>
    </client>
    
  </system.serviceModel>
    <PROXY>
	<PROXYREQD>False</PROXYREQD> <!-- True: For proxy authentication False: below Proxy settings will be ignored  -->
	<PROXYURL></PROXYURL> <!-- Proxy server URI with port   Eg:http://192.129.1.145:9090  -->
	<PROXYUNAME></PROXYUNAME> 
	<PROXYPWD></PROXYPWD> 
	<PROXYDOMAIN></PROXYDOMAIN>
    </PROXY>

  <BANNERSETTINGS>
    <URL></URL>
  </BANNERSETTINGS>
  <AUTHENTICATION>
    <!-- <LoginType>Keycloak</LoginType> -->     <!-- To be enabled for keycloak authentication -->
    <!-- <WebView2TempFilePath></WebView2TempFilePath> --> <!-- file path for webview2 to create relevant folders & files. To be configured for keycloak authentication -->
    <Windows>TRUE</Windows>
    <ValidateNTPassword>False</ValidateNTPassword>
    <LoginTry>3</LoginTry>

    <!-- 
    WARNING - Set multiple instance option ONLY for auto run (OR) performance testing.  
    Each instance should be logged in with DIFFERENT USER.
    Have a xml tag as -> <MultipleInstanceAllowed>True</MultipleInstanceAllowed>
    -->
  </AUTHENTICATION>
  <SITEWORKSRCINFO>
    <SiteSelectionNeeded>True</SiteSelectionNeeded>
    <WorkGroupSelectionNeeded>True</WorkGroupSelectionNeeded>
    <WorksourceSelectionNeeded>True</WorksourceSelectionNeeded>
    <DefaultSite>1</DefaultSite>
    <DateFormat>MMDDYY</DateFormat>
  </SITEWORKSRCINFO>
  <AUTOSHUTDOWNTIME>20</AUTOSHUTDOWNTIME>
  <ICRINFO>
    <!-- Allowed values for Provider "Mitek" or "ECM" -->
    <Provider>ECM</Provider>
  </ICRINFO>
  <OCEPROGRAMS>86,179,5,189</OCEPROGRAMS>
  <CHECKAEPROGRAMS>27</CHECKAEPROGRAMS>
  <ENHANCEIMAGEQUALITY>True</ENHANCEIMAGEQUALITY>
  <SHOWDECOUNT>TRUE</SHOWDECOUNT>
  <MAXCONNECTION>10</MAXCONNECTION>
  <MENUSHORTCUT>TRUE</MENUSHORTCUT>
  <BACKGROUNDIMAGEOPACITY>0.25</BACKGROUNDIMAGEOPACITY>
  <MENUMANAGER>NEW</MENUMANAGER>
  <SHOWDECOUNTFORMENUS>DATA ENTRY MENU</SHOWDECOUNTFORMENUS>
  <!-- To configure separate keycloak URL for internal users and external users -->
  <KEYCLOCK>
     <INTERNALUSERS></INTERNALUSERS>
     <EXTERNALUSERS>   	
     </EXTERNALUSERS>
  </KEYCLOCK>
 </configuration>
