<MessageSettings>
	<GENERAL>
		<Caption>TMS</Caption>
		<HelpFile>DataEntry.chm</HelpFile>
		<MSG id = "1" text = "Another instance already running"/>
		<MSG id = "2" text = "Data not available"/>
		<MSG id = "3" text = "Site ID : "/>
		<MSG id = "4" text = "Workgroup : "/>
		<MSG id = "5" text = "WorkSrc : "/>
		<MSG id = "6" text = "Process Date : "/>
		<MSG id = "7" text = "Seq. No : "/>
		<MSG id = "8" text = "SubSeq No : "/>
		<MSG id = "9" text = "Tran No : "/>
		<MSG id = "10" text = "Batch No : "/>
		<MSG id = "11" text = "InQueue Size : "/>
		<MSG id = "12" text = "DoneQueue Size : "/>
		<MSG id = "13" text = "Format : "/>
		<MSG id = "14" text = "KeyAhead : "/>
		<MSG id = "15" text = "KeyAhead Value :"/>
		<MSG id = "16" text = "Item Type : "/>
		<MSG id = "17" text = "Auto Run : "/>
		<MSG id = "18" text = "Auto Run Interval : "/>
		<MSG id = "19" text = "UserCode : "/>
		<MSG id = "20" text = "SortPattern : "/>
		<MSG id = "21" text = "ZeroStubs : "/>
		<MSG id = "22" text = "ZeroChecks : "/>
		<MSG id = "23" text = "Balance : "/>
		<MSG id = "24" text = "BalanceStatus : "/>
		<MSG id = "25" text = "BalDispCode : "/>
		<MSG id = "26" text = "Waiting for data.... "/>
		<MSG id = "27" text = "User does not have sufficient authority"/>
		<MSG id = "28" text = "Exception occured during the time of download. The download has been aborted."/>
		<MSG id = "29" text = "New update is available, do you want to update?"/>
		<MSG id = "30" text = "Update is completed, application will be closed."/>
		<MSG id = "31" text = "Unable to contact server, please refer to Trace Log for further information"/>
		<MSG id = "32" text = "Unable to contact server. Please verify the Web server and Web service URL."/>
		<MSG id = "33" text = "Unable to locate configuration files in the server. Please refer to Trace Log for further information"/>
		<MSG id = "34" text = "SOAP exception. Unable to contact server, please refer to Trace Log for further information"/>
		<MSG id = "35" text = "Windows login failed. Please check your windows user name and password"/>
		<MSG id = "36" text = "Login failed. Usercode is in use. Reset the Usercode and retry"/>
		<MSG id = "37" text = "No worksources are configured for user"/>
		<MSG id = "38" text = "Select a Worksource"/>
		<MSG id = "39" text = "Please enter user name"/>
		<MSG id = "40" text = "Please enter password"/>
		<MSG id = "41" text = "User name/Password is not valid"/>
		<MSG id = "42" text = "  Date is not available"/>
		<MSG id = "43" text = "  has been closed"/>
		<MSG id = "44" text = "User information not available in cache, application will be closed"/>
		<MSG id = "45" text = "Date is Not Valid"/>
		<MSG id = "46" text = "Enter year between 2000-2099"/>
		<MSG id = "47" text = "BatchTotal : "/>
		<MSG id = "48" text = "ProofAmount : "/>
		<MSG id = "49" text = "ProofAmount - BatchTotal  : "/>
		<MSG id = "50" text = "User not configured for this domain."/>
		<MSG id = "51" text = "Number is not within the valid amount range."/>
		<MSG id = "52" text = "Usercode has insufficent authority or action not authorized"/>
		<MSG id = "53" text = "Session timed out. Please relogin."/>
		<MSG id = "54" text = "Date is not open for processing.  Do you want to open a new date?"/>
		<MSG id = "55" text = "Item already reset or Session timed out.  Please relogin."/>
		<MSG id = "56" text = "Server error occured while accessing MSMQ in remote machine.  Please contact Administrator."/>
		<MSG id = "57" text = "Date is not open for processing.  Please select another date."/>
		<MSG id = "58" text = "Do you want to continue anyway?"/>
		<MSG id = "59" text = "Password mismatch. Please try again"/>
		<MSG id = "60" text = "Enter strong password. Password should contain atleast 8 characters with one alphabet,one upper case, one lower case, one numeric and one special character (valid characters are ~,!,@,#,$,%,^,*,(,),_,+,=).New Password should not be one of the previous [x] passwords"/>
		<MSG id = "61" text = "Please select another password that has not been used in the previous [x] passwords"/>
		<MSG id = "62" text = "Your password will expire in the next [x] day(s). Do you want to change the password?"/>
		<MSG id = "63" text = "Your password expired. Please change the password."/>
		<MSG id = "64" text = "Change Password"/>
		<MSG id = "65" text = "Password Changed Sucessfully"/>
		<MSG id = "66" text = "Open program using MenuManager"/>
		<MSG id = "67" text = "Usercode locked.Please contact administrator."/>
		<MSG id = "68" text = "No Instructions found for the selected Worksource."/>
		<MSG id = "69" text = "No InstructionType found for the selected WorkSource."/>
		<MSG id = "70" text = "No sites are configured for the user"/>
		<MSG id = "71" text = "Tkt"/>
		<MSG id = "72" text = "Tkt"/>
		<MSG id = "73" text = "Page : "/>
		<MSG id = "74" text = "Check : "/>
		<MSG id = "75" text = "No environments are configured for the user"/>
		<MSG id = "76" text = "Login"/>
                <MSG id = "77" text = "WebView2 is not installed on this machine. Please install WebView2 to continue."/>
		<MSG id = "78" text = "WorkSrc Description : "/>
		<MSG id = "79" text = "Password must not contain your username"/>
		<MSG id = "80" text = "Please do not use simple sequences like '123' or 'abc'"/>		
		<MSG id = "81" text = "Please choose a stronger password. Common passwords are not allowed"/>			
		<MSG id = "82" text = "Please avoid using %1 or more consecutive identical characters"/>		
		<MSG id = "83" text = "The password was recently reset. You can reset the password again after %1 hours."/>
		<MSG id = "1010" text = "license limit exceeded"/>
		<MSG id = "1011" text = "Criteria.xml file not found"/>
		<MSG id = "1012" text = "Criteria ID not found in Criteria.xml"/>
		<MSG id = "1013" text = "Input data for product licensing verification is invalid"/>
		<MSG id = "1014" text = "license count exceeded"/>
		<MSG id = "1015" text = "license duration exceeded"/>
		<MSG id = "1016" text = "Application "/>
		<MSG id = "1017" text = "User "/>
		<MSG id = "1018" text = "License Limit Exceeded.  Do you want to proceed?"/>
		<MSG id = "1019" text = "Current Lockbox"/>
		<MSG id = "1020" text = "All Lockboxes"/>
		<MSG id = "1021" text = "Cancel"/>

		<MSG id = "2000" text = "Form Year : "/>
                   <MSG id = "2001" text = "Form Code : "/>
                   <MSG id = "2002" text = "Error Message : "/>
                   <MSG id = "2003" text = "DLN No : "/>
                   <MSG id = "2004" text = "Page : "/>
                   <MSG id = "2005" text = "Prev Image-Ctrl+P"/>
                   <MSG id = "2006" text = "Next Image-Ctrl+N"/>
                   <MSG id = "2007" text = "First Image-Ctrl+F"/>

		
	</GENERAL>
	 
	<MENUMANAGER>
		<Caption>Menu Manager</Caption>
		<MSG id = "1" text = "Menu manager is already running"/>
		<MSG id = "2" text = "Image icon not available"/> 
		<MSG id = "3" text = "Image folder doesn't exist"/> 
		<MSG id = "4" text = "User does not have sufficient authority"/>
		<MSG id = "5" text = "Please close .AIDE applications before exit."/>
		<MSG id = "6" text = "Problem in loading XP style menu, normal menus will be displayed"/>
		<MSG id = "7" text = "Are you sure to delete default program?"/>
		<MSG id = "8" text = " File not found"/>
		<MSG id = "9" text = "BOD application not configured"/>
		<MSG id = "10" text = "Please close all AIDE applications before changing Date"/>
		<MSG id = "11" text = "Please close all AIDE applications before changing Worksource"/>
		<MSG id = "12" text = "Environment"/>
	</MENUMANAGER>
	 
	<SLF>
		<Caption >ScanLineFix</Caption>
		<MSG id = "1" text = "Another instance already running"/>
		<MSG id = "2" text = " file not found"/>
		<MSG id = "3" text = "User information not available in the cache,application will be closed "/>
	</SLF>

	<STUBSLF>
		<Caption>Stub ScanLine Fix</Caption>
		<MSG id = "1" text = "Another instance already running"/>
		<MSG id = "2" text = " file not found"/>
		<MSG id = "3" text = "User information not available in the cache,application will be closed "/>
	</STUBSLF>

	<CHECKSLF>
		<Caption>Check ScanLine Fix</Caption>
		<MSG id = "1" text = "Another instance already running"/>
		<MSG id = "2" text = " file not found"/>
		<MSG id = "3" text = "User information not available in the cache,application will be closed "/>
	</CHECKSLF>

	<BALANCING>
		<Caption>Balancing</Caption>
		<MSG id = "1" text = "Another instance already running"/>
		<MSG id = "2" text = " file not found"/>
		<MSG id = "3" text = "User information not available in the cache,application will be closed "/>
		<MSG id = "4" text = "Alternate image doesn't exist"/>
		<MSG id = "5" text = "Select an item"/>
		<MSG id = "6" text = "Reject item seqno"/>
	</BALANCING>

	<CHECKSWITH>
		<Caption >ChecksWith</Caption>
		<MSG id = "1" text = "Another instance already running"/>
		<MSG id = "2" text = " file not found"/>
		<MSG id = "3" text = "User information not available in the cache,application will be closed "/>
		<MSG id = "4" text = "Alternate image doesn't exist"/>
		<MSG id = "5" text = "Select an item"/>
		<MSG id = "6" text = "Reject item seqno"/>
	</CHECKSWITH>

	<BATCHENTRY>
		<MSG id = "1" text = "Another instance already running"/>
		<MSG id = "2" text = " file not found"/>
		<MSG id = "3" text = "User information not available in the cache,application will be closed "/>
		<MSG id = "4" text = "Alternate image doesn't exist"/>
		<MSG id = "5" text = "Select an item"/>
		<MSG id = "6" text = "Reject item seqno"/>
	</BATCHENTRY>

</MessageSettings>
